teach,class.type,class.per,pre.2,pre.4,Q2A,Q4A
1,1,0.84605454,-3.700586418,-4.252857908,x000001,x3111111
1,1,0.912367873,-3.540928692,-3.377452863,x000001,x3141111
1,1,0.610756717,-3.755440459,-4.826457436,x000001,x3131111
1,1,0.449605572,-2.722840093,-2.910973346,x100000,x3131313
1,1,0.596883666,-3.562061025,-3.624080369,x000001,x3111311
1,1,0.319543486,-2.566521298,-3.51227548,x010000,x2111111
1,1,0.503091374,-3.283287628,-3.168349591,x010000,x3111111
1,1,0.061179732,-3.381322428,-3.736939179,x000001,x3111111
1,1,0.939725101,-3.286043179,-3.783454648,x000001,x5131311
1,1,0.192242566,-3.515479517,-3.411569432,x100000,x5111113
1,1,0.874187583,-3.160344359,-2.932208674,x000001,x3111411
1,1,0.3150908,-3.46251926,-3.90117702,x000001,x5111113
1,1,0.924439048,-3.677161466,-3.341213732,x000001,x5111113
1,1,0.760731174,-3.790326881,-3.869323361,x000001,x4111113
1,1,0.694559547,-3.644842669,-3.726839661,x000001,x5111111
1,1,0.747353416,-3.6531688,-3.204791543,x000001,x1131113
1,1,0.444669262,-3.024479589,-3.854404552,x100010,x2121111
1,1,0.670073477,-3.790656639,-3.141093896,x000001,x3111113
1,1,0.749197567,-3.714845822,-3.256351914,x000001,x1131111
1,1,0.081893667,-3.110850386,-3.116479347,x000001,x3131111
1,1,0.644973452,-3.14149138,-3.071170495,x000100,x5111215
1,1,0.882693482,-2.986819097,-3.50581388,x100000,x4111113
1,1,0.541278853,-3.164539985,-2.961482904,x000001,x3121113
1,1,0.682900597,-2.748502951,-3.201775718,x000001,x3111113
1,1,0.122257337,-3.114157092,-3.815680474,x000001,x3111313
1,1,0.257901223,-3.494422525,-3.278859699,x000001,x3131213
1,1,0.265607806,-2.969503528,-3.517592387,x000001,x3121113
1,1,0.36167392,-3.279736989,-3.666488184,x100000,x3131321
1,1,0.703297596,-3.639629416,-3.586604163,x000001,x5111111
1,1,0.444811465,-2.612574444,-3.308085873,x100000,x3131111
1,1,0.242303685,-2.90433141,-3.792056475,x010000,x3111111
1,1,0.312903186,-3.863962779,-3.733387986,x000001,x3121111
1,1,0.62530571,-4.0763153,-3.851456781,x000001,x5111313
1,1,0.105761815,-4.011414693,-3.190467611,x000001,x1111313
1,1,0.935585303,-4.50769509,-3.193946105,x000001,x3131113
1,1,0.580766835,-4.250866103,-3.928872976,x000001,x3131111
1,1,0.195096101,-3.535085927,-3.624861801,x100000,x3111111
1,1,0.695179613,-3.805242961,-3.766949254,x000001,x3111112
1,1,0.425640056,-3.661507653,-3.307024765,x000001,x3111113
1,1,0.427609688,-3.878114286,-3.237682356,x000001,x1111113
1,1,0.421780515,-3.181556791,-3.106694806,x100000,x5111311
1,1,0.093885455,-4.312129347,-3.246725387,x000001,x1111311
1,1,0.925260963,-3.870128045,-3.854438168,x110000,x5111111
1,1,0.300363134,-4.042056993,-4.31817521,x000001,x3111111
1,1,0.797188273,-2.711540555,-3.350595264,x100000,x2131111
1,1,0.681660405,-3.511777588,-4.071127427,x000001,x3111112
1,2,0.483448381,-2.587261483,-2.492839744,x000001,x3112313
1,2,0.520850219,-1.237693902,-2.722312443,x010000,x3111111
1,2,0.201557591,-2.942160574,-3.46156437,x000001,x3111111
1,2,0.427767218,-2.290464103,-2.67445699,x000001,x5111311
1,2,0.354141952,-2.958827166,-3.315958694,x010000,x3111113
1,2,0.32998871,-2.461700448,-3.632406107,x100000,x3111311
1,2,0.206968705,-3.460386314,-3.829456764,x000001,x5121111
1,2,0.304865446,-2.205201132,-3.131076275,x000001,x3111111
1,2,0.441915897,-1.141168704,-3.622637115,x110000,x3111115
1,2,0.515050721,-1.924504588,-3.11666994,x100000,x4111313
1,2,0.812667131,-1.20048244,-0.908924575,x010000,x1133513
1,2,0.878946487,-1.307922693,-2.471415098,x100000,x3131313
1,2,0.832918762,-0.148167703,-2.370264804,x010000,x2131113
1,2,0.826751128,-0.293902034,-1.038620542,x110000,x1143315
1,2,0.270728894,-3.508937353,-3.553069101,x100000,x3111113
1,2,0.760786839,-0.818398891,-0.21513324,x000001,x1113411
1,2,0.362095675,-1.710141367,-3.37126842,x110000,x5111113
1,2,0.414198573,-2.494164529,-3.769394084,x000001,x5131111
1,2,0.694793597,-1.465174847,-1.750320412,x000001,x3131113
1,2,0.120900563,-2.268957525,-3.121118031,x010000,x2111113
1,2,0.097089445,-3.025049465,-3.925147126,x000001,x4131311
1,2,0.619915933,-2.269839305,-3.512777304,x000001,x3121113
1,2,0.367775366,-2.667702116,-3.033656326,x100000,x3111213
1,2,0.654646825,-1.581639732,-3.077635323,x110000,x1111111
1,2,0.383946427,-1.613723808,-3.085912962,x010000,x4131513
1,2,0.320286326,-3.082931985,-1.770435569,x100000,x1131113
1,2,0.311881333,-1.974171735,-2.752433547,x000001,x3111113
1,2,0.087275502,-2.399352018,-3.191050013,x010000,x3111113
1,2,0.832572076,-1.19912862,-3.915951354,x110000,x3111113
1,2,0.846917042,-0.180346006,-1.223408503,x100000,x1131533
1,2,0.794221552,-0.827241529,-0.635689974,x010000,x3131332
1,2,0.122917574,-3.709858163,-2.968393168,x000001,x1131113
1,2,0.772165961,-1.235318273,-3.69045097,x000001,x2111313
1,2,0.877732944,-1.702594424,-0.929002343,x000001,x1131313
1,2,0.947482097,-0.021478123,-0.991298156,x110000,x1151113
1,2,0.896241523,-0.077810737,-0.576318751,x100000,x1131415
1,2,0.360153191,-2.076607448,-2.598096918,x000001,x2311113
1,2,0.158012381,-3.019252234,-1.599433984,x100000,x1132115
1,2,0.114201725,-3.891069173,-2.960128672,x100000,x3111113
1,2,0.89361795,-0.411518116,-2.001931994,x110000,x3111311
1,2,0.893994944,0.937777401,0.101143162,x110000,x1131515
1,2,0.202263352,-3.583619612,-2.523962915,x000001,x3111111
1,2,0.871693457,-0.634716121,-2.957318166,x000001,x3111113
1,2,0.711039571,-1.074480188,-3.101548165,x110000,x3111115
1,2,0.17055106,-2.728077247,-4.159809971,x110000,x5111113
1,2,0.888231554,-0.791647207,-3.656091589,x110000,x3121412
1,2,0.639220175,-0.941881725,-1.405261577,x110000,x3121521
1,2,0.205375863,-1.861877929,-3.607049192,x010000,x2111311
1,2,0.296068167,-2.549844195,-2.44366043,x000001,x3111211
1,2,0.875449263,-0.655691716,-1.920258052,x100000,x3111313
1,2,0.565170256,-0.986563181,-0.875022499,x010000,x1531114
1,2,0.339207929,-2.928147499,-2.814402065,x000001,x3111411
1,2,0.23374644,-3.242286227,-4.271121736,x010000,x4111111
1,2,0.254097252,-3.146915834,-2.997336491,x000001,x3111113
1,2,0.904797332,-0.895606727,-1.698448107,x000001,x3112311
1,2,0.818550671,-0.44156599,-2.509729328,x100000,x1131113
1,2,0.074514113,-3.542896277,-4.192324017,x000001,x4111111
1,2,0.155926243,-2.491981369,-3.310219485,x000001,x3111113
1,2,0.333644943,-2.092771952,-2.49482285,x100000,x3111111
1,3,0.309836144,-0.018736806,-0.997502038,x110100,x4131513
1,3,0.129039002,-0.146164616,-2.650824618,x110000,x2111113
1,3,0.397615364,0.633103621,-0.159873715,x110100,x1131553
1,3,0.71524883,-0.100537168,-1.843647069,x110000,x1123113
1,3,0.350256723,0.239751073,-2.976720485,x100000,x3111113
1,3,0.833435574,0.471801795,-0.889723153,x101100,x5111313
1,3,0.375490394,-0.019450636,-2.942736,x100000,x4111513
1,3,0.303347889,0.550805686,-0.868288631,x111000,x3131513
1,3,0.481365197,0.26466664,-1.100857016,x100000,x1121314
1,3,0.818272492,0.819509174,-0.977839659,x110010,x5131515
1,3,0.653464924,1.263789601,-0.541790821,x110110,x3131335
1,3,0.620352166,0.12822857,-3.358200756,x110000,x3131313
1,3,0.747035823,-0.907028522,-2.60637553,x000001,x3111113
1,3,0.626788493,-0.348551857,-0.433287821,x100000,x2333315
1,3,0.925516859,0.210287031,0.153804411,x110000,x1151513
1,3,0.137030491,0.389831756,-1.165175763,x110100,x2131213
1,3,0.562413178,0.700385896,-1.12481162,x110000,x3133511
1,3,0.5750801,-0.067141033,-2.185657012,x110000,x3131111
1,3,0.620499297,0.237785371,-2.566591238,x110100,x3111313
1,3,0.220044871,-1.059707791,-2.502401737,x110000,x3111315
1,3,0.646131829,-0.037901686,-1.487114655,x110000,x2151214
1,3,0.52697347,1.466660396,-2.171413063,x110000,x2121111
2,1,0.438152545,-3.316199761,-0.894016645,x000001,x3133113
2,1,0.100288708,-3.893158086,1.258843314,x000001,x1252535
2,1,0.480070136,-2.912825673,1.812308256,x000001,x1155515
2,1,0.526210479,-2.849149905,1.838638381,x010000,x1135534
2,1,0.4534246,-3.29472526,0.602351247,x000001,x2153414
2,1,0.166693999,-3.941365758,1.199996228,x010000,x1133315
2,1,0.608649054,-3.810050116,1.994628739,x000001,x1154535
2,1,0.790006299,-3.37054191,2.273972766,x100000,x1454555
2,1,0.670657599,-3.312949054,2.541478821,x000001,x1354535
2,1,0.242477712,-2.426083599,1.828823997,x100000,x1251535
2,1,0.331442786,-4.135281904,1.604852672,x000001,x1155535
2,1,0.748656066,-3.546529307,0.524983011,x100000,x1153515
2,1,0.27952917,-3.730343068,0.866402773,x001000,x1153535
2,1,0.32572748,-3.178228016,1.885181397,x000001,x1353535
2,1,0.829167888,-2.621886061,3.820054341,x000001,x1155555
2,1,0.143922033,-3.918354414,1.297975002,x000001,x1132435
2,1,0.543877643,-3.263393087,-0.116873354,x000001,x3144415
2,1,0.360122799,-3.210442262,3.543083364,x000001,x1355555
2,1,0.634574123,-2.990942711,2.725553162,x000001,x1154535
2,1,0.68251715,-2.845845415,2.034932124,x000001,x1155515
2,1,0.522635075,-2.903951424,3.858153063,x000001,x1253555
2,1,0.765637098,-3.72615345,1.465519173,x000001,x1353415
2,1,0.783274193,-3.237964642,0.423920929,x100000,x1141515
2,1,0.249314642,-3.203880024,0.281258486,x000001,x1131515
2,1,0.242406581,-2.908570721,2.05243663,x000001,x1131515
2,1,0.52994006,-4.248226035,0.521431422,x000001,x1133313
2,1,0.58655026,-3.675806829,1.962258089,x000001,x1154535
2,1,0.156500611,-3.701060547,1.189225572,x000001,x1353535
2,1,0.451904075,-3.236675196,2.114025745,x010000,x1353555
2,1,0.442987262,-3.789180808,2.069631898,x000001,x1151535
2,1,0.514446751,-4.095476797,-0.781762195,x000001,x1121313
2,1,0.422122364,-2.959407718,1.104887164,x000001,x1233515
2,1,0.771458306,-3.755867067,2.504847029,x000001,x1155335
2,1,0.295862546,-2.871144042,1.823144197,x000001,x1355555
2,1,0.167979775,-2.917169483,3.831769139,x100000,x1544535
2,1,0.128346345,-3.449987323,0.940148722,x000001,x1134545
2,1,0.13781591,-4.164156959,1.33566224,x010000,x1133515
2,1,0.813201581,-3.453372562,1.495048151,x000001,x1341555
2,1,0.226074036,-3.921913289,0.974969396,x100000,x1343335
2,1,0.871687654,-3.552564423,0.925331706,x000001,x1151525
2,1,0.343809526,-2.798451999,0.46348859,x101000,x1133435
2,1,0.804527194,-3.137706492,2.901606703,x100000,x1253535
2,1,0.776963645,-3.756934643,0.48984213,x000001,x1133435
2,1,0.749075262,-3.807275596,0.754687978,x000001,x1143335
2,1,0.079392609,-3.319820366,2.046332964,x010000,x1153555
2,1,0.25843541,-3.408896627,2.254007117,x000001,x1154535
2,1,0.473004546,-2.493035805,1.981188539,x000001,x1131545
2,1,0.664182039,-3.360841745,2.467865989,x010000,x1153525
2,1,0.485423295,-3.618923901,1.078921108,x000001,x1113513
2,1,0.053655398,-3.824678689,0.389226758,x000001,x1151315
2,1,0.696722405,-4.012003912,0.981052911,x000001,x1353535
2,1,0.581163434,-3.06008192,0.723748147,x000001,x1151545
2,1,0.280888463,-3.342220354,1.683242628,x000001,x1331515
2,1,0.204634227,-4.413963224,0.634130204,x000001,x1141535
2,1,0.104492766,-3.184879945,3.983432761,x000001,x1255545
2,1,0.286401328,-3.884487846,-0.197891796,x000001,x1131313
2,1,0.336755111,-2.706798641,3.46170641,x000001,x1353545
2,1,0.082870205,-4.158479481,-1.198575298,x000001,x3121115
2,1,0.352765664,-3.842241668,2.301818323,x000001,x1151535
2,1,0.911107552,-3.615246545,2.422161713,x010000,x1553455
2,1,0.279263107,-3.215805071,1.244902267,x000001,x1353515
2,1,0.339366411,-3.495692196,0.379061486,x010000,x1131135
2,1,0.683137301,-3.260257483,2.205368125,x000001,x1553535
2,1,0.491262928,-4.148307181,1.731190068,x000001,x1455335
2,1,0.854848063,-2.86186003,3.360016565,x100000,x1355545
2,1,0.484898135,-4.006952696,0.785400869,x000001,x1352535
2,1,0.366593811,-3.942277604,0.722499793,x000001,x1141535
2,1,0.415307369,-1.990092575,3.363648163,x100000,x1354555
2,1,0.350378434,-3.112879262,3.308791313,x000001,x1155555
2,1,0.366408533,-3.994887936,1.111742536,x000001,x1243533
2,1,0.406535349,-3.714721857,0.31004961,x000001,x1141313
2,1,0.791830445,-3.875627413,0.511932029,x000001,x2153535
2,1,0.602927463,-2.718372657,1.643262159,x000001,x1131535
2,1,0.901718543,-2.899164036,2.574617079,x000001,x1553534
2,1,0.43766035,-3.93125166,0.964276125,x000001,x1353414
2,1,0.095474472,-3.003995597,1.465790864,x000001,x1353545
2,1,0.667646241,-3.025409252,-0.228019379,x000001,x1151415
2,1,0.192383309,-3.328307106,3.116118249,x000001,x1335535
2,1,0.489490053,-3.971058804,-0.36013667,x000001,x1133515
2,1,0.612305524,-3.668207357,1.740230185,x000001,x1153515
2,1,0.105678785,-3.398415621,0.510966019,x000001,x1151533
2,1,0.117988217,-3.902937711,2.678459413,x100000,x1353535
2,1,0.859791896,-3.963164087,0.275950277,x000001,x1143515
2,1,0.77415371,-3.457778142,2.011411831,x000001,x1353535
2,1,0.586988221,-2.406316995,1.689987003,x000001,x1153535
2,1,0.547960677,-2.927597616,1.356866069,x010000,x1255545
2,1,0.399870082,-3.149329168,1.100164711,x000001,x1153535
2,1,0.090222007,-3.292837588,2.277801279,x000001,x1131445
2,1,0.336123007,-3.861840948,1.826781412,x000001,x1153453
2,1,0.410027968,-3.583467065,0.892661166,x000001,x1131524
2,1,0.32044828,-3.001527178,2.130047529,x100000,x1351535
2,1,0.051163369,-3.456455102,2.033427536,x000001,x1251515
2,1,0.212180281,-2.731514933,4.153865984,x000001,x1355545
2,1,0.765223107,-3.399706452,1.45620748,x100000,x1553515
2,1,0.455792496,-4.09562852,-0.262642474,x100000,x1133554
2,1,0.337336262,-3.230586823,2.421405106,x000001,x1153555
2,1,0.789214732,-3.02007674,1.309453341,x010000,x1133545
2,1,0.328085245,-4.159341619,0.446416791,x000001,x1333113
2,1,0.468873124,-3.513218469,2.516121016,x000001,x1335535
2,1,0.876359939,-3.204132819,0.595528991,x100000,x1331515
2,2,0.364441127,-0.823801276,1.408211544,x110000,x1353515
2,2,0.425384761,-2.193912616,-0.779395812,x100000,x1131335
2,2,0.438192395,-1.604597832,-0.751311277,x110000,x1141114
2,2,0.199416322,-2.975458416,-0.038437879,x000001,x2131313
2,2,0.531050922,-1.906457946,-1.071120424,x000001,x3131125
2,2,0.783856662,-0.481075655,-0.471988506,x110000,x1141315
2,2,0.606382021,-0.583333157,-0.068909106,x010000,x1141543
2,2,0.713727379,-1.050571699,0.257795057,x100000,x1252335
2,2,0.869376952,3.173627133,0.627489585,x111110,x1341455
2,2,0.462260854,-1.30417965,-1.16655065,x010000,x2131314
2,2,0.095055797,-4.016427078,-0.508922009,x000001,x1133315
2,2,0.413367736,-1.929944002,0.156929625,x100000,x1134335
2,2,0.529894106,-0.959848723,0.08689892,x100000,x1143415
2,2,0.216194224,-2.100273751,-0.043418781,x000001,x1151335
2,2,0.181791449,-2.244975577,1.312006169,x110000,x1143535
2,2,0.188755565,-2.565216978,-0.016181635,x100000,x1131515
2,2,0.438796023,-1.675700311,0.037583606,x010000,x1151315
2,2,0.668123859,-0.765375178,0.149989508,x110100,x1233515
2,2,0.40238019,-3.103326817,-1.289558629,x000001,x2131515
2,2,0.129458323,-3.190059248,0.357291229,x000001,x1111313
2,2,0.495043764,-0.63239699,0.627216707,x100000,x1143534
2,2,0.315965949,-2.46279769,0.407674489,x110000,x1331333
2,2,0.447708136,-1.713304079,0.537446922,x010000,x2155515
2,2,0.602373859,0.574841767,1.112179469,x110010,x1151535
2,2,0.134716616,-3.458295189,-0.315479894,x000001,x1113314
2,2,0.766709637,1.552553703,0.22677499,x110010,x1153523
2,2,0.431002111,-1.068105709,-0.577204668,x100000,x1131414
2,2,0.821593213,1.620645518,0.047515748,x110000,x1233313
2,2,0.106848157,-3.497892174,-0.647972368,x000001,x3131515
2,2,0.459015313,-1.224828267,0.234557612,x110000,x1133535
2,2,0.854980961,-0.231884256,0.105590121,x110000,x2153413
2,2,0.921823229,2.074467616,-0.506095611,x111100,x3131515
2,2,0.710280779,0.832425783,0.266959712,x110100,x1113515
2,2,0.051391237,-3.320760103,0.469773833,x100000,x1151515
2,2,0.527931541,1.252917196,0.591994736,x110000,x1131455
2,2,0.607936944,-1.883348897,-0.598078481,x110000,x3131133
2,2,0.182279787,-1.968962256,0.709871256,x100000,x3151314
2,2,0.382231301,-0.858978612,-0.612444383,x100000,x1115513
2,2,0.615382099,0.423959662,0.955736327,x110000,x1552513
2,2,0.509242965,-1.991888192,0.76523115,x100000,x1153513
2,2,0.068184035,-2.861850128,0.537215117,x000001,x1132335
2,2,0.170297387,-2.016483123,0.982245984,x010000,x1115525
2,2,0.331963078,-1.263284416,-0.41292488,x100000,x2152315
2,2,0.373364449,-0.944971783,1.766107051,x110000,x1154535
2,2,0.616470123,0.497560553,0.21230615,x110100,x1131525
2,2,0.874783318,0.76619645,0.070203965,x110000,x1331515
2,2,0.632431791,-0.50969893,-0.064376901,x110000,x2123415
2,2,0.782655291,1.88137789,0.93346291,x110100,x1343515
2,2,0.276695557,-2.084184573,1.116576143,x000001,x1331313
2,2,0.698343357,0.304776027,-0.13355609,x110000,x4132315
2,2,0.69576675,-0.343637921,1.360967749,x000001,x1155325
2,2,0.578924308,-1.23146638,-0.615270846,x010000,x2141415
2,2,0.692240441,-0.333757609,0.084843916,x110000,x2141525
2,2,0.495359158,-0.974826118,-0.520022805,x100000,x2131115
2,2,0.35026876,-0.527271519,-0.046464913,x100000,x1151115
2,2,0.630065056,0.176942514,0.031107441,x110000,x1351515
2,2,0.507797333,-0.787380627,0.233796269,x010000,x1131515
2,2,0.28955721,-1.611046308,-0.165936068,x000001,x1151315
2,2,0.690081497,0.593611418,0.496017755,x110100,x1143545
2,2,0.712406909,0.08544123,-0.885928765,x110000,x3131335
2,2,0.804354081,0.545554108,0.863617274,x110000,x1151535
2,2,0.93390315,2.295201819,1.471849906,x111100,x1155515
2,2,0.857194098,0.44196035,0.179426661,x110000,x1131533
2,2,0.143784265,-3.09050092,0.214089684,x000001,x1333545
2,2,0.598318466,1.326542815,0.62118302,x110100,x1133535
2,2,0.555194364,-0.552437711,0.161128096,x100000,x1131515
2,2,0.190067696,-1.719319995,-0.033193667,x100000,x1133515
2,2,0.587030382,-0.412091603,-0.035136172,x100000,x1151433
2,2,0.493829099,-1.148471611,0.293914044,x110000,x2151515
2,2,0.378289143,-2.302790515,-0.06840031,x010000,x1133515
2,2,0.234757613,-2.639497535,-0.807019124,x110000,x1151311
2,2,0.90137964,2.238323807,0.713911115,x110010,x1141315
2,2,0.369320569,-2.600491181,-0.300241575,x010000,x1131415
2,2,0.095569829,-2.718057244,0.298512444,x010000,x1111315
2,2,0.523119251,0.638343556,-0.218554969,x111000,x1131535
2,2,0.337870514,-2.078255413,0.522952919,x000001,x1153435
2,2,0.095592461,-2.907143786,0.65104089,x000001,x1131515
2,2,0.706840221,-0.159409639,0.455603548,x010000,x1351515
2,2,0.166060972,-1.929429271,-0.225761224,x100000,x3111335
2,2,0.249304491,-3.5990924,-0.798323225,x000001,x2111133
2,2,0.598745126,-2.533142027,-2.196559371,x100000,x3131313
2,2,0.913269906,-0.031566897,-1.474941711,x110000,x1131313
2,2,0.73252639,1.275502312,0.270513714,x111110,x1133535
2,2,0.051609505,-3.614473572,-0.121952719,x100000,x1133313
2,2,0.869082653,-0.596912912,-0.716711833,x100000,x2144321
2,2,0.089408745,-2.628221513,0.235671085,x000001,x1131513
2,2,0.517228356,-1.724438683,-0.59083122,x010000,x1111514
2,2,0.893969164,1.506059305,0.217891217,x110000,x1121515
2,2,0.066970905,-3.324888795,-0.867655244,x010000,x1111115
2,2,0.421854085,-0.490608833,0.68461397,x110000,x1151415
2,2,0.465827808,-1.61104338,-0.230345469,x110000,x3335415
2,2,0.612266643,1.008607641,1.165671926,x111010,x1333455
2,2,0.598614135,-0.319024066,0.702021057,x010000,x1111534
2,2,0.160590674,-3.498259956,-0.26868285,x000001,x1151515
2,2,0.634219851,-0.522399809,-0.290763325,x000001,x1151513
2,2,0.820343367,-0.350554399,-0.082548371,x110000,x1153513
2,2,0.380745302,-0.976775801,-0.071015646,x010010,x1141315
2,2,0.601355968,-1.810221687,-0.521220206,x010000,x3131315
2,2,0.61317792,1.142216653,0.333374451,x110100,x1133323
2,2,0.51011998,-1.609196367,-0.524945115,x110000,x1131313
2,2,0.808904671,1.233139885,0.722845491,x100000,x1141514
2,2,0.318341995,-2.690308975,0.329115579,x100000,x1151525
2,2,0.460835764,-1.286572751,-0.238228465,x100110,x1151111
2,2,0.545099864,-0.527539709,0.076013781,x100010,x1131515
2,2,0.275628368,-1.141807161,0.470124318,x100000,x1131115
2,2,0.358412176,-1.958365962,0.139635667,x100000,x1131523
2,2,0.472267596,-0.107557808,0.053153091,x110000,x3151515
2,2,0.246052158,-2.653973655,-0.237044572,x000001,x1131334
2,2,0.056773429,-3.133488015,-0.08202716,x000001,x3133113
2,2,0.671814073,-1.88046603,-0.12472045,x000001,x1142435
2,2,0.527388739,-0.66805058,0.179050804,x100000,x1131315
2,2,0.445101095,-1.670094466,0.230941181,x100000,x1151425
2,2,0.149949345,-3.291503793,-0.28105045,x000001,x1153515
2,2,0.094960282,-2.71437297,0.080356645,x000001,x1141515
2,2,0.614276427,-0.58859368,-0.538739896,x110000,x1133515
2,2,0.933790246,1.912391782,0.317404298,x110000,x1113315
2,2,0.254810893,-2.218379883,-0.114351703,x010000,x1153114
2,2,0.230462432,-2.650315828,0.466913028,x000001,x1141313
2,2,0.644545509,-0.239952107,-0.0001872,x110000,x1133544
2,2,0.237710593,-2.990995529,-1.11941593,x100000,x1111513
2,2,0.517262312,-0.917617967,-0.124357633,x100000,x1133513
2,2,0.267170835,-2.844239205,0.061968422,x100000,x3151515
2,2,0.224056403,-2.837861343,-0.514123629,x000001,x1131415
2,2,0.468076577,-1.752444815,-0.165145544,x110000,x1153313
2,2,0.181814664,-2.822513911,-0.541898198,x000001,x1131315
2,2,0.82600453,1.105923792,-1.065948656,x110100,x2111313
2,2,0.24749198,-2.472600012,-0.022428162,x010000,x1151315
2,2,0.453752251,-0.742531799,-0.170488762,x110000,x1135533
2,2,0.787760765,0.40449871,-0.61824628,x110100,x1133315
2,2,0.336300259,-2.828297684,-0.272499111,x100000,x3141513
2,2,0.69750771,-0.460318034,0.614431188,x100000,x1153315
2,2,0.439104225,-0.832705231,0.162695603,x000001,x1241515
2,2,0.920595735,2.138861924,0.512310329,x110110,x1155315
2,2,0.307158582,-1.793355031,0.33823428,x000001,x1141514
2,2,0.739862956,0.324848581,-0.56910167,x110000,x2111415
2,2,0.644298188,0.731542598,1.028403609,x110000,x1153525
2,2,0.42556766,-1.912787442,0.991002474,x110000,x1241515
2,2,0.604350238,0.319450928,0.136797681,x110000,x1313515
2,2,0.585401604,-0.054708157,-0.113285598,x110000,x1151333
2,2,0.519702714,-1.752774798,-0.945693871,x010000,x3133115
2,2,0.151359699,-1.675317232,-0.444761369,x000001,x3131513
2,2,0.119805665,-3.124224957,0.264186684,x110000,x3131515
2,2,0.468047863,-1.008808704,0.623210595,x000001,x1151535
2,2,0.71816594,1.192993407,1.182627224,x110010,x1151535
2,2,0.266084781,-1.928416829,0.158314004,x100000,x1151315
2,2,0.616313926,-0.06351793,-0.17044305,x110000,x1153415
2,2,0.46937357,-0.819198313,0.668595442,x110000,x1153555
2,2,0.548274055,-1.388975536,-0.363710403,x100000,x1131414
2,2,0.057682522,-3.401166916,-0.018304254,x000001,x1133315
2,2,0.779207758,2.016149068,0.678530762,x110100,x1131415
2,2,0.770779055,1.169054904,-0.07863955,x110010,x1131515
2,2,0.791978193,0.32463533,-0.714826086,x100000,x1131313
2,2,0.740938981,0.7412269,0.544939511,x110000,x3133515
2,2,0.565044714,-0.797674055,0.346360337,x010000,x1131435
2,2,0.405634132,-2.136021223,-0.20172844,x110000,x1131515
2,2,0.910289766,2.015338936,0.21491621,x111100,x3153515
2,2,0.136049362,-2.768206872,-0.639512022,x000001,x1111515
2,2,0.209658811,-2.51259931,-0.50678101,x110000,x2341513
2,2,0.631429331,-0.709668529,1.524838614,x110000,x1351534
2,2,0.133482886,-2.868622147,0.003501545,x010000,x1151512
2,2,0.936750785,1.412470856,-0.377192636,x110000,x1151515
2,2,0.361451791,-1.25363821,0.487337241,x000001,x1123515
2,2,0.788490731,1.423694398,0.834826907,x110110,x1151525
2,2,0.562929301,-2.179419804,-0.927669752,x010010,x3113315
2,2,0.208867703,-3.193879675,-1.12552052,x000001,x1131313
2,2,0.519713204,-1.386176721,-0.225498333,x010000,x1111115
2,2,0.250022488,-2.124433484,0.13324438,x000001,x2235514
2,2,0.717041052,1.804644664,1.058999661,x110100,x1451135
2,2,0.526947668,-2.142254096,-0.086160042,x000001,x1141533
2,2,0.610207129,0.326026615,0.064819219,x110100,x1141335
2,2,0.740060989,0.592309242,0.304484566,x110000,x1341115
2,2,0.67777578,0.144151173,-0.231876515,x110000,x3131511
2,2,0.880361457,0.936460797,-0.711626278,x110000,x1131335
2,2,0.723812703,0.0260404,1.004801992,x110100,x1153315
2,2,0.623686938,-1.03703678,-0.454600373,x110000,x1153413
2,2,0.658912942,0.211093417,-0.102343127,x110100,x1131515
2,2,0.1009945,-2.438077868,0.122847016,x100000,x1113415
2,2,0.675034312,-1.043946573,-0.295831046,x100000,x2121335
2,2,0.62838146,-0.295766668,-0.028202774,x100000,x1133513
2,3,0.59507576,1.320189251,4.921722137,x111000,x1555555
2,3,0.488927384,2.737143309,4.04137392,x110110,x1355545
2,3,0.330220298,1.433005529,3.751375774,x110100,x1355545
2,3,0.435506143,0.519475176,3.476430827,x110000,x1355555
2,3,0.324057714,0.941740458,3.780904054,x110000,x1554545
2,3,0.860332754,-0.386698017,4.302508597,x111100,x1355535
2,3,0.190840826,3.003431725,4.058970861,x111110,x1355535
2,3,0.09027433,2.317631451,3.644425179,x111110,x1454555
2,3,0.354251937,2.901571306,4.21802953,x111100,x1355545
2,3,0.521338115,2.17459576,2.885693135,x110110,x1553545
2,3,0.536893134,2.323491357,4.382834208,x110100,x1555535
2,3,0.082368594,3.056488081,3.341185636,x110110,x1351555
2,3,0.123473776,0.409765624,3.588050415,x100100,x1555555
2,3,0.221407526,0.495894733,2.906864977,x110000,x1153535
2,3,0.87060901,1.723777194,3.132823439,x110000,x1555545
2,3,0.365020411,2.119777356,3.861647954,x110000,x1355555
2,3,0.206634418,3.307525134,3.91814562,x111110,x1555545
2,3,0.055494411,0.004319317,2.619420593,x110000,x1353555
2,3,0.741162427,2.649851314,4.447222964,x110110,x1255335
2,3,0.931723983,3.752785075,3.478074153,x111100,x1353535
2,3,0.692439427,1.386390334,3.474741091,x110000,x1153535
2,3,0.273412681,0.214550101,2.739393516,x110000,x1351555
2,3,0.573999475,1.113423779,4.405229156,x110000,x1553535
2,3,0.913486331,-0.344994376,3.331208846,x110000,x1355555
2,3,0.80821586,3.305336088,3.93046886,x110100,x1553555
2,3,0.650949774,1.091307028,3.172633125,x110100,x1155535
2,3,0.715908263,1.302394903,2.868196443,x110100,x1355555
2,3,0.565914683,3.226225972,3.847034717,x111110,x1555545
2,3,0.739887816,1.889431605,3.77770367,x111000,x1353535
2,3,0.895942153,1.030652677,3.468317386,x110000,x1353535
2,3,0.307760052,0.211409132,3.201159589,x100010,x1553535
2,3,0.626399162,1.054828048,3.077638675,x110000,x1354515
2,3,0.155763236,0.964523361,3.334937572,x110000,x1353555
2,3,0.506679685,2.459851904,3.47781517,x110100,x1355535
2,3,0.314977862,2.413748081,3.53066153,x110010,x1355535
2,3,0.769545884,-0.157023678,2.75325495,x101000,x1354515
2,3,0.262463446,1.487601077,2.088942885,x110000,x1553525
2,3,0.4696822,2.460995397,3.562656271,x110110,x1453535
2,3,0.28532989,0.016027889,3.89436843,x110000,x1555535
2,3,0.664013982,2.186268704,3.382895698,x110100,x1455555
2,3,0.372570484,1.590242724,3.449526379,x110000,x1354555
2,3,0.352817303,1.760856865,3.923860215,x111000,x1355555
2,3,0.39159005,0.323747324,3.124613123,x110000,x1335515
2,3,0.718426183,0.242648967,3.255690982,x110000,x1255535
2,3,0.562071822,0.486546308,3.353826583,x010100,x1513555
2,3,0.800006742,0.663574006,3.619241875,x110010,x1353555
2,3,0.756223735,2.385036184,4.220589951,x110000,x1355555
2,3,0.211118403,0.690714406,3.704144057,x110000,x1443535
2,3,0.170084743,-0.598460855,2.587254934,x110000,x2155535
2,3,0.714727815,2.474380769,3.419075687,x110100,x1153555
2,3,0.745224223,2.232679312,3.315289201,x110100,x1255535
2,3,0.701020657,2.448500609,3.307582458,x110000,x1553545
2,3,0.236916141,1.481892486,2.843063919,x110110,x1353535
2,3,0.755911394,0.67860765,3.145097968,x111000,x1553535
2,3,0.082652486,2.470518365,3.69601887,x110110,x1553535
2,3,0.503396055,2.89641857,3.522201671,x111110,x1353515
2,3,0.570069495,1.484273336,4.10777264,x110000,x1355535
2,3,0.119325478,0.591913908,3.140131264,x111000,x1333535
2,3,0.098246885,0.030731254,3.208403428,x110000,x1353535
2,3,0.471550248,0.539109898,3.144390407,x110000,x1133555
2,3,0.262571117,1.923120718,3.068916219,x110110,x1355535
2,3,0.884913276,2.687685716,4.361275831,x111110,x1353555
2,3,0.349662177,2.73178932,3.322895413,x010110,x1351555
2,3,0.190819184,2.723622568,3.273582812,x111100,x1255535
2,3,0.889955694,0.697607174,2.968819811,x110100,x1354535
2,3,0.573849538,1.182200033,3.194828523,x110110,x1354535
2,3,0.930913355,-0.411776809,2.77843055,x110000,x1555555
2,3,0.428298081,2.313809492,2.975588049,x111110,x1355535
2,3,0.344004691,2.891550794,3.832387628,x111100,x1554535
2,3,0.369627627,4.506734044,4.444445007,x111110,x1355555
2,3,0.75381155,1.04710901,3.265843938,x110110,x1153545
2,3,0.514918368,3.116292813,4.305682464,x111110,x1455535
2,3,0.521456836,1.014020617,3.933196472,x110000,x1155545
2,3,0.801506404,0.512203215,3.796508529,x110000,x1353535
2,3,0.709263466,0.78491225,3.263224343,x110000,x1355535
2,3,0.347020425,2.737734902,3.582805208,x111110,x1251535
2,3,0.219510362,0.709591952,2.833937622,x110000,x1355535
2,3,0.383085631,-1.179186173,2.802988388,x000001,x1253545
2,3,0.675970473,0.699074633,3.454883383,x110000,x1255535
2,3,0.228347241,0.815546548,2.69734898,x110000,x1355555
2,3,0.451016432,4.01460014,4.008954071,x111110,x1554535
3,1,0.441989691,1.125422966,-0.673190974,x110100,x1133313
3,1,0.239167509,2.802177204,0.549915061,x110110,x1333315
3,1,0.702743624,1.491777625,-1.820881645,x110110,x5111313
3,1,0.55161928,0.580671033,-2.594647228,x110000,x2113311
3,1,0.358523916,0.853169918,-1.463978314,x110000,x3111515
3,1,0.142691888,0.705861889,-2.363668188,x110110,x3131311
3,1,0.149592374,2.202435397,-0.105985399,x111010,x1111515
3,1,0.820667724,2.307835263,0.049692357,x110100,x1133513
3,1,0.222638857,0.773338366,-2.054712261,x110110,x2111112
3,1,0.424508325,3.973165569,-1.316827448,x110110,x3131215
3,1,0.381361733,1.391291826,-1.875752706,x110000,x3121311
3,1,0.58693225,1.514186199,-1.465970483,x110010,x1131513
3,1,0.267488032,0.318987735,-1.998196037,x110000,x2151313
3,1,0.059325697,0.739639103,-2.037663458,x110000,x3131213
3,1,0.824833965,1.471544365,-1.716196052,x110000,x1111311
3,1,0.508844154,1.320659887,-0.512833078,x110000,x1111513
3,1,0.937306653,2.573927968,-0.232492945,x110110,x3131525
3,1,0.740040945,1.374639024,-1.337855538,x111110,x1111315
3,1,0.598605623,2.085346,0.392758419,x110100,x1151414
3,1,0.249714778,0.731201731,-2.40359152,x110100,x3111111
3,1,0.752045613,2.456888584,-0.35248186,x110000,x1151315
3,1,0.915907523,1.641816418,-0.99801392,x110000,x1131413
3,1,0.32907959,1.840352687,0.353115848,x110000,x2133423
3,1,0.724463761,1.294748347,-1.406764491,x110000,x1131135
3,1,0.057282881,0.960604239,-1.695219454,x110000,x2131311
3,1,0.522703071,0.73379394,-2.060703995,x110100,x3111111
3,1,0.71428057,-0.563480514,-2.910997061,x110000,x3131313
3,1,0.717169562,0.600130263,-2.896280831,x111110,x1111113
3,1,0.559214097,1.404115341,-1.201843246,x110110,x3121113
3,1,0.851150965,0.251458408,-2.55786701,x110100,x3111113
3,1,0.650642153,0.733017054,-2.115262869,x110000,x1111413
3,1,0.504989197,0.227702235,-3.105510513,x110100,x3111513
3,1,0.535806411,1.059737144,-1.731808782,x110000,x4131515
3,1,0.263718696,1.875432962,0.047864147,x110010,x1132535
3,1,0.165844384,2.84100586,0.863740222,x111100,x1153333
3,1,0.547846834,0.028795702,-2.227244531,x110000,x3111113
3,1,0.213958972,0.869735373,-2.191788217,x110000,x3131113
3,1,0.806045014,-0.598760802,-2.19778566,x100000,x5131113
3,1,0.293098633,1.197013941,-0.968716349,x010000,x1131313
3,1,0.222822229,1.398362802,-1.137942731,x111010,x1151212
3,1,0.225755109,-0.278768503,-1.812477831,x010000,x2111313
3,1,0.816923893,2.527024682,-0.587604582,x110100,x1141515
3,1,0.170813723,1.178679393,-1.55008796,x110010,x3131313
3,1,0.726640487,2.204135118,-0.519045415,x111110,x1141514
3,1,0.099709701,0.660269591,-3.073515609,x110000,x5111112
3,1,0.445966813,3.32240749,0.322737894,x111110,x1153215
3,1,0.660933282,-0.265305119,-2.29483382,x110000,x3151213
3,1,0.675525432,3.387648395,1.022860149,x111110,x3133535
3,1,0.83593964,2.190507307,-1.117529549,x111100,x1131413
3,1,0.697237289,0.64872964,-1.591223366,x110000,x3121113
3,1,0.268886209,1.553981673,-2.018139308,x110000,x1111114
3,1,0.335988064,2.694548435,-0.412131664,x111100,x1111335
3,1,0.91543361,0.984138629,-1.676440223,x110000,x3131513
3,1,0.516087955,3.099191851,0.084011422,x110010,x1133515
3,1,0.526763392,0.761478721,-2.972025561,x110100,x2111313
3,1,0.80631254,0.796078127,-2.10889048,x100000,x3131113
3,1,0.838033735,2.263420734,-0.795125129,x110000,x2141215
3,1,0.196730976,1.715745999,-2.371390287,x111010,x3141115
3,1,0.719299793,0.519277997,-2.400334811,x110000,x2111313
3,1,0.401019734,5.142575953,-0.080435613,x111110,x1131515
3,1,0.936371661,0.052641354,-2.180626635,x110010,x3131312
3,1,0.396281002,-0.770911316,-2.267068978,x110000,x1131113
3,1,0.327740278,1.495701326,-0.851432716,x110000,x1131333
3,1,0.704446195,-0.636590316,-2.101906633,x100000,x1131113
3,1,0.188377605,1.967238224,-1.133072798,x110000,x3131513
3,1,0.403375866,0.466795059,-2.495617307,x100000,x3111213
3,1,0.36872407,2.334416895,-2.149795476,x111100,x3131413
3,1,0.533206975,3.592132687,0.774977006,x110110,x3141513
3,1,0.236587579,1.234357794,-2.277129529,x110100,x5131112
3,1,0.305789538,1.086852733,-1.481873135,x110000,x2131115
3,1,0.648001558,0.071537193,-1.040006054,x110000,x1141313
3,1,0.815574446,-0.704018666,-2.408407495,x110000,x3131411
3,1,0.05889908,0.86445205,-1.656279839,x110000,x3111315
3,1,0.176892317,1.01158689,-2.547789609,x110100,x5111113
3,1,0.691920986,-0.46516204,-3.400830459,x110000,x5111111
3,1,0.456669488,0.330131248,-2.821600465,x110000,x1111115
3,1,0.412461466,1.82410452,0.436507205,x111000,x1131515
3,1,0.522591488,2.44547633,-0.466620637,x110010,x1131313
3,1,0.192605758,-0.181194539,-4.321189567,x110000,x3111113
3,1,0.130494578,2.676484011,0.405904721,x110000,x1143335
3,1,0.931219109,-0.143742756,-3.038229147,x110000,x3111112
3,1,0.09725672,0.741222055,-3.046986345,x110000,x3111113
3,1,0.338909668,3.359077308,1.044773004,x111110,x1133533
3,1,0.915190424,0.735259233,-2.370275187,x110010,x2113111
3,1,0.323094127,1.666038302,-1.660362043,x110110,x2131314
3,1,0.61461257,1.57794825,-1.009636825,x110010,x1131513
3,1,0.727473127,1.556351876,-1.864589424,x110110,x1131343
3,1,0.854599503,1.518745767,-2.590729299,x110100,x3111312
3,1,0.381518427,-0.105601414,-3.467957104,x110000,x4111311
3,1,0.543991638,3.810639669,-1.042876618,x110110,x1131515
3,1,0.537938021,0.179265369,-2.749575125,x110000,x1111311
3,1,0.645724837,2.531524169,0.915386349,x110110,x1331514
3,1,0.647412606,1.227948709,-2.515019835,x010010,x2141114
3,1,0.069073958,0.512308342,-2.699703588,x110000,x3121313
3,1,0.466678084,2.590621403,-0.542236166,x110100,x1153113
3,1,0.545373685,0.781752466,-2.295215753,x110000,x3131512
3,1,0.629588445,1.693414924,-0.774695942,x110010,x1111513
3,1,0.948326986,-0.87992118,-3.697966653,x110000,x3111311
3,1,0.078501181,0.879968188,-1.504090709,x111000,x3111315
3,1,0.881470364,1.117622481,-1.443492549,x110000,x1341513
3,1,0.163205588,0.420954841,-2.414868684,x100000,x1111313
3,1,0.281189606,3.716988803,0.934798737,x111010,x1154535
3,1,0.346119989,0.79523659,-1.965006618,x110100,x2131113
3,1,0.800210748,0.592112622,-1.608750506,x100000,x3111225
3,1,0.626636721,-0.663788214,-2.772258403,x100000,x1111313
3,1,0.154125781,2.346221467,-0.602884774,x111100,x1141115
3,1,0.151632656,2.377650408,-0.894197993,x110000,x1131513
3,1,0.645464016,0.300884921,-3.232820034,x100000,x3131113
3,1,0.808620442,1.29075659,-1.687747917,x110010,x5431411
3,1,0.803758641,0.432102355,-2.84212629,x100100,x2111213
3,1,0.342717519,1.185946047,-2.589884567,x110000,x1111213
3,1,0.182863006,2.663241446,-2.141025151,x111100,x3131315
3,1,0.923974913,1.33480306,-0.473263085,x111100,x1131113
3,1,0.607020927,2.066988236,-0.107711056,x110010,x1131315
3,1,0.801756216,2.367902536,-0.071078508,x110100,x3131315
3,1,0.944981819,-0.134332494,-3.463615087,x100000,x3111113
3,1,0.603489288,1.482693241,-0.610247879,x010010,x1131314
3,1,0.912255188,1.394533851,-1.922260162,x110010,x3113513
3,1,0.145003634,1.64427288,-0.893082775,x110000,x1113313
3,1,0.258921989,1.049774139,-2.389966982,x110100,x2111315
3,1,0.143336578,3.736999857,0.232849695,x111110,x1151415
3,1,0.626893229,1.370950119,-1.246823062,x110000,x1111115
3,1,0.794863092,-0.443660696,-3.222116535,x110000,x3111111
3,1,0.343659521,-0.991578736,-4.298084219,x110000,x3111111
3,1,0.693860047,2.447363242,-0.871254723,x111110,x1133425
3,1,0.082687594,0.320709909,-2.850053624,x110100,x3111313
3,1,0.373803316,1.281128913,-1.307060758,x110010,x3131313
3,1,0.400057473,2.904457019,-0.622609143,x110010,x3132515
3,1,0.073966421,3.32770202,-0.819489557,x111110,x2113215
3,1,0.484973492,0.898425075,-2.028655131,x110000,x3131513
3,1,0.29854418,1.873662814,-0.767452761,x110010,x3131515
3,1,0.38219569,0.018882579,-2.110493119,x110000,x3111313
3,1,0.76684841,1.216358449,-2.693700034,x110110,x1131111
3,1,0.557744343,1.76026749,-1.040678828,x110110,x4153511
3,1,0.648067917,0.692926581,-1.8945592,x110000,x3331315
3,1,0.285841657,1.697525276,-1.600074371,x110100,x2111315
3,1,0.069069706,0.599444483,-1.992140325,x110000,x3111313
3,1,0.761065526,1.505871427,-1.009747481,x111000,x1131515
3,1,0.653811556,0.557122623,-2.385217661,x110000,x4131113
3,1,0.268070978,1.369080558,-1.194534755,x110000,x1151113
3,1,0.732679892,1.238591478,-1.225005391,x110010,x1141515
3,1,0.279049511,1.845179938,-1.481380792,x110000,x3131115
3,1,0.378001722,2.582938284,-1.162027973,x110110,x1133113
3,1,0.739841965,1.900883085,-0.613568595,x110000,x2131113
3,1,0.052146081,1.429239641,-1.454349607,x110010,x3331311
3,1,0.520090943,-0.89934452,-3.677829601,x000001,x2111113
3,1,0.58591463,0.217281647,-3.332646501,x110000,x3111313
3,1,0.119903343,0.244710569,-3.253756338,x110000,x3111133
3,1,0.864978002,0.194174525,-1.804080323,x110000,x3131413
3,1,0.210690528,2.771443443,-0.424519359,x111110,x3153313
3,1,0.542220513,0.649393222,-1.703002254,x110000,x3131314
3,1,0.144760914,2.099164403,-0.928882651,x111100,x3141513
3,1,0.866930537,2.438189857,-1.649867432,x110000,x3131313
3,1,0.087986864,2.432290394,-1.70262034,x110100,x3331415
3,1,0.312094405,1.529614456,-1.62625885,x110100,x1131113
3,1,0.226929677,2.398958829,-1.078235922,x111000,x1112333
3,1,0.779020682,3.97666221,0.377664302,x111110,x1332533
3,1,0.577518256,1.218451692,-0.731898165,x110100,x3131313
3,1,0.166188611,-0.692825933,-2.788173104,x110010,x5111111
3,1,0.389478229,0.287369779,-3.908502021,x010000,x3111111
3,1,0.10393479,-0.915594667,-5.016007289,x110000,x5111111
3,1,0.32469849,4.051822269,-1.167728457,x111110,x1131113
3,1,0.781314725,3.462357743,1.645971624,x111110,x1133515
3,1,0.642267018,0.579897655,-2.430824552,x110000,x1133113
3,1,0.743219564,0.308109344,-1.889603045,x110000,x5111315
3,1,0.865390671,1.468407642,-0.829574991,x110100,x1133415
3,1,0.511424968,2.481397205,0.43151731,x110100,x1154515
3,1,0.309941134,0.558778399,-2.990584243,x110000,x2143113
3,1,0.285722322,2.329278315,-1.582233424,x110110,x1111325
3,1,0.092158974,1.809847086,-1.453024547,x110010,x1111313
3,1,0.882566139,1.275190026,-2.197987726,x110000,x3111413
3,1,0.745531511,0.370572542,-2.811861202,x110010,x3111513
3,1,0.144596676,0.296107398,-2.367558416,x100000,x2121113
3,1,0.760397609,0.385195686,-2.09539191,x110100,x1111513
3,1,0.155049121,0.240089779,-2.873342209,x110100,x1111113
3,1,0.847195523,0.216195513,-2.670733921,x010000,x2111313
3,1,0.444286496,2.190039645,-0.793597413,x110000,x3131414
3,1,0.168576056,2.432490162,-0.713079641,x110110,x3131513
3,1,0.13874087,2.911383627,0.604721271,x110110,x1151535
3,1,0.636793663,-0.120150388,-3.10966791,x000001,x3111113
3,1,0.878269673,2.052350072,-0.619810145,x110000,x1121515
3,1,0.568815812,2.011432274,-2.099020872,x110110,x1111315
3,1,0.644511507,3.164087477,0.451215439,x110010,x1111533
3,1,0.858111206,0.499781225,-1.589364368,x110000,x1131513
3,1,0.927310123,2.425205518,-0.558489296,x111110,x3133314
3,1,0.908420898,4.020838527,1.481610492,x111100,x1153435
3,1,0.279298009,1.596847376,-1.664156126,x110000,x3131413
3,1,0.514772145,2.092405475,-1.048287421,x111100,x2121115
3,1,0.524164958,2.54076512,-0.481092699,x110110,x3153515
3,1,0.316105196,2.460870091,0.608057303,x111010,x1133435
3,1,0.881455877,0.591441733,-2.471818844,x110000,x5111113
3,1,0.313605545,1.342663879,-1.993106284,x110000,x4111313
3,1,0.103078549,2.132839564,-1.009046617,x110110,x1131315
3,1,0.241211819,0.862640116,-1.679227415,x110100,x3131314
3,1,0.398699672,2.510524821,-1.152587618,x110010,x1111333
3,1,0.762697179,0.781609707,-1.29287578,x110010,x2111313
3,1,0.474573566,1.041068885,-1.344304003,x110000,x2111315
3,1,0.248430933,1.915733384,-0.439341572,x111110,x1134315
3,1,0.335815384,1.26105859,-1.551352403,x110010,x1111113
3,1,0.841809832,0.015452211,-2.887959246,x110000,x3111115
3,1,0.112356454,-1.665265939,-3.401695431,x000001,x3121111
3,1,0.676914001,0.4774739,-2.497047205,x110000,x3111312
3,1,0.212013588,1.066376284,-1.477499803,x110000,x3111115
3,1,0.69968333,0.596025229,-2.467014005,x110100,x3111311
3,1,0.416035119,1.442489256,-2.160215218,x110000,x3121114
3,1,0.810288914,1.35421245,-2.134278958,x110000,x5131213
3,1,0.886747818,3.126085579,0.509658413,x111110,x1131535
3,1,0.288938815,0.567506324,-3.825896416,x110000,x2111311
3,1,0.463674537,2.825067037,-0.585203141,x110010,x2153514
3,1,0.832534825,1.177096042,-1.952338782,x010000,x3131113
3,1,0.114030379,2.897241163,0.189197386,x111110,x1133324
3,1,0.727866661,1.664232818,-0.91738692,x110010,x3131235
3,1,0.651515577,1.45742095,-2.607728097,x110000,x3121113
3,1,0.548895885,1.889552582,-1.262141386,x111010,x3131314
3,1,0.865247952,3.477005415,0.30728186,x011110,x1314515
3,1,0.568687851,2.064507133,0.147974634,x110000,x1154415
3,1,0.284501243,0.950005973,-2.680098454,x110000,x5111113
3,1,0.300400275,2.981663635,-0.700920628,x111100,x3132315
3,1,0.098708503,0.563318226,-3.156839909,x110110,x2121214
3,1,0.553711094,0.5110045,-3.596589916,x100000,x1111111
3,1,0.79879098,1.690635653,-1.296744526,x111000,x3151513
3,1,0.793336181,2.11656356,-0.776406899,x111110,x4132513
3,1,0.206767835,2.45317961,-0.655520589,x111100,x1111315
3,2,0.898568112,3.116913539,-0.409205659,x110110,x2133345
3,2,0.863770863,4.343547025,0.99488811,x111110,x1153515
3,2,0.691764645,2.628349821,-0.286407988,x110100,x1151313
3,2,0.591924989,2.295159066,-0.564764091,x110100,x2151313
3,2,0.106666919,1.513622304,-0.78401388,x111010,x2141335
3,2,0.165446506,2.892888144,0.326755858,x110010,x1154315
3,2,0.075159412,2.28960458,0.705237576,x111010,x1131535
3,2,0.710180485,2.252621363,-0.366656096,x110000,x1133323
3,2,0.492077489,3.136701212,0.17530383,x111000,x1114515
3,2,0.712407125,1.359290955,-1.431245577,x110100,x1111433
3,2,0.499707453,1.581255086,-0.504531612,x110010,x1133313
3,2,0.317880172,2.688261926,0.207511274,x110110,x1141315
3,2,0.531228931,3.375144751,0.533876132,x110100,x1131515
3,2,0.494541298,1.621573683,-0.94985053,x110000,x1131413
3,2,0.52035025,2.209553378,0.193040915,x110000,x3133535
3,2,0.064722428,1.604009566,0.157011107,x110010,x1141315
3,2,0.171110026,2.929023899,0.39965572,x110110,x1133315
3,2,0.132779378,2.219065195,0.668267177,x110100,x1133515
3,2,0.677618516,2.244988775,-0.652901153,x110000,x1151435
3,2,0.779445753,2.432234477,-0.249490038,x110110,x1133511
3,2,0.079289094,2.117605057,-0.869126407,x110110,x3131525
3,2,0.735449042,3.101607993,0.998238258,x111110,x1153555
3,2,0.872273371,3.500271122,-0.040706846,x111110,x2151313
3,2,0.083959019,2.821166504,-0.005408678,x110110,x3151315
3,2,0.923128825,4.264903116,0.836193652,x111110,x1353314
3,2,0.927995219,4.505137618,0.77285828,x111110,x1333325
3,2,0.141771134,2.693493295,0.784985136,x110010,x1353315
3,2,0.272505968,2.263778168,0.087582801,x110110,x1113415
3,2,0.438386892,1.621875675,-0.045841402,x111100,x1131523
3,2,0.717984147,3.081300194,0.195730768,x111100,x1111513
3,2,0.947155258,3.237917751,-0.505795133,x111110,x1131515
3,2,0.734263424,2.459497249,-0.22462332,x110110,x3142411
3,2,0.275894199,1.843781195,-0.690521053,x111100,x3131513
3,2,0.424292303,2.630772449,-0.848109553,x111110,x1153513
3,2,0.394278775,1.70746938,-0.093536138,x110000,x1331515
3,2,0.812650119,2.843872677,-0.225690548,x110110,x1141532
3,2,0.289101261,2.353689688,0.840712718,x110100,x1151533
3,2,0.590284807,2.473886598,-0.333986516,x110110,x1133535
3,2,0.752702108,3.614218876,0.453947808,x111100,x1133535
3,2,0.757547565,3.976367466,1.644609639,x111010,x1155535
3,2,0.154714225,1.699364976,-0.086744509,x110100,x1145513
3,2,0.069134967,-0.07464401,-1.432802833,x100000,x3111313
3,2,0.140080535,2.02472531,-0.148576635,x110110,x3133113
3,2,0.537567661,2.983359057,0.499968605,x110010,x3153435
3,2,0.363998579,2.223458874,0.962068954,x110110,x3353333
3,2,0.36681434,3.118494137,0.796555655,x110100,x1151534
3,2,0.831310983,3.036082736,-0.455368027,x111010,x1131315
3,2,0.068509883,1.543831532,-0.485425714,x110010,x1122431
3,2,0.926558842,3.323840915,0.138830713,x110110,x1141514
3,2,0.411288052,-0.120898636,-1.727891467,x110000,x1111114
3,2,0.937525762,2.739188796,-0.869538261,x111100,x1131313
3,2,0.22224942,2.735941059,0.207972412,x110100,x1131415
3,2,0.775012424,2.455309669,-0.198604615,x111100,x1131515
3,2,0.3192351,3.21378715,0.651183204,x111110,x1331313
3,2,0.847319925,3.504801688,0.802942897,x111110,x1151534
3,2,0.692575583,3.27691317,-0.149969952,x111110,x1131534
3,2,0.163019197,0.986470448,0.012396968,x110000,x1133513
3,2,0.097312475,1.665073493,0.286651248,x111100,x1155533
3,2,0.763856832,3.199741075,-0.460982437,x110110,x1151315
3,2,0.619518562,2.972932862,0.318565625,x110110,x3354315
3,2,0.082323218,1.275438085,-0.916159298,x110100,x1151215
3,2,0.358512643,1.592965215,-0.892699086,x101110,x3321413
3,2,0.917866027,2.969749785,-0.087654883,x110010,x1113533
3,2,0.68632459,2.445367896,-0.989695897,x110110,x1131315
3,2,0.748326796,3.497406756,0.629314391,x111110,x1331535
3,2,0.750243084,3.150875516,0.870364766,x111110,x1133315
3,2,0.442845241,1.239662833,-0.499726803,x110110,x1131335
3,2,0.103396047,3.546452164,0.480173782,x111100,x1152513
3,2,0.564263311,2.853137484,0.64447798,x110100,x1131113
3,2,0.426073556,1.778505477,0.028444706,x110100,x1133515
3,2,0.540945905,2.983923988,-0.093484037,x111010,x3151413
3,2,0.112002278,1.750806735,0.414532599,x110010,x3331315
3,2,0.86134669,2.867509829,-0.470584746,x110010,x1131513
3,2,0.608049823,3.120430835,-0.559154734,x110010,x1131213
3,2,0.509702113,1.873722156,-0.640710757,x111100,x3153335
3,2,0.251050337,0.46919495,-0.555812478,x110000,x2131114
3,2,0.93713537,4.66828617,1.099708326,x111110,x1233555
3,2,0.785142008,3.910861877,0.43880695,x111110,x5135335
3,2,0.805303841,3.33964248,0.228671062,x111010,x1311325
3,2,0.809887566,2.429262351,-0.695910769,x111010,x1131315
3,2,0.475118002,3.862239316,1.214333021,x111110,x1443315
3,2,0.06017901,3.367346716,0.647856357,x111010,x1351535
3,2,0.118901636,2.390326957,-0.306930324,x101000,x1151313
3,2,0.779178716,3.107825579,-0.567676416,x111110,x1151515
3,2,0.261635348,1.520614081,-0.88181595,x110110,x2111213
3,2,0.934969428,3.98294972,0.030371505,x111110,x1131515
3,2,0.827353927,2.506444248,-0.244448687,x111100,x1151332
3,2,0.661630965,2.110733386,0.091951816,x110000,x2133515
3,2,0.563949741,2.657331171,-0.022654487,x111100,x1231515
3,2,0.867057808,3.101150023,-0.203022837,x111010,x1152215
3,2,0.532854653,2.874277724,-0.090309387,x110100,x1131314
3,2,0.888428919,3.234670951,0.148643109,x110110,x1113335
3,2,0.481764976,1.867561655,-0.503264319,x110100,x2111315
3,2,0.325540563,3.347612637,0.7915318,x111110,x1133515
3,2,0.648891059,1.326714152,-0.880236394,x110010,x1133535
3,2,0.861567799,4.106043641,0.921566763,x111110,x1453525
3,2,0.685983114,3.307594852,0.187598755,x111100,x1143315
3,2,0.716860797,2.553653607,-0.502659257,x111110,x1231315
3,2,0.733250556,2.844545935,-0.150965661,x111110,x2531415
3,2,0.571818126,2.615267038,0.342589612,x110010,x1153513
3,2,0.665339659,2.812674384,-1.00900754,x110010,x1151514
3,2,0.085934348,2.586846151,0.569252956,x110010,x1133515
3,2,0.62500938,2.118571483,-0.078185406,x110100,x1151523
3,2,0.098244577,2.274621092,0.457305176,x110110,x1153315
3,2,0.444879236,2.783024748,0.594191464,x111110,x1131513
3,2,0.358829811,3.489240134,0.659794236,x111100,x1453515
3,2,0.891649108,2.921752135,-0.004890085,x110010,x1131535
3,2,0.498234529,2.867485895,0.445235884,x110010,x1133315
3,2,0.122799067,2.229666368,0.414117133,x111110,x1131535
3,2,0.252148783,4.314849439,1.678317004,x110110,x1153535
3,2,0.055847815,-0.014544495,-0.587391428,x010000,x2131113
3,2,0.23799111,2.363506477,0.075683625,x110000,x3351115
3,2,0.342426464,2.210177181,0.015796496,x110010,x1131413
3,2,0.698567514,3.602643726,1.25998469,x111110,x1351435
3,2,0.563325416,2.30517293,-0.237424901,x111100,x1131515
3,2,0.31642548,1.286069597,-0.697782475,x010000,x1151415
3,2,0.832573424,3.558539838,0.946141084,x111110,x1121335
3,2,0.853117812,2.060810896,-1.477561034,x110010,x3131114
3,2,0.944300341,3.074892794,-0.249203277,x111110,x2131335
3,2,0.431511334,2.503881625,-0.310499377,x110010,x3111313
3,2,0.564184202,2.989549234,0.461205296,x110100,x1123535
3,2,0.375827305,1.351520979,-0.656662897,x110000,x1151113
3,2,0.806196707,2.894506376,-0.141319608,x111010,x1551315
3,2,0.911307268,3.195429929,0.524490805,x110110,x2133535
3,2,0.901508648,3.496033206,0.220127543,x111110,x1133115
3,2,0.636206063,2.753708701,0.484736918,x110100,x1153433
3,2,0.328166353,2.457592803,-0.154354395,x110110,x1131513
3,2,0.79646296,2.597714513,-0.53252178,x111000,x1151335
3,2,0.734593539,3.765004751,0.557430169,x111010,x1131513
3,2,0.527958763,2.689268593,0.050180962,x110000,x2135325
3,2,0.519938997,2.915217105,0.751695555,x111100,x1153515
3,2,0.86095787,3.132497747,-0.120100667,x111100,x3131525
3,2,0.133178716,2.069665788,0.014091459,x110110,x1142115
3,2,0.388569238,2.363388274,-0.002692243,x110110,x1151513
3,2,0.637123128,2.168604975,-0.553691486,x110000,x2111515
3,2,0.223588806,3.606761729,1.113671233,x111110,x1115533
3,2,0.831759436,3.979250097,0.671170053,x110110,x1131525
3,2,0.368484229,1.608441885,-0.308432795,x110110,x2153215
3,2,0.889617959,4.114039952,0.901338662,x110110,x1131513
3,2,0.572535893,2.545578255,-0.862256855,x111110,x1151115
3,2,0.944551792,4.040168838,0.893379931,x111110,x1123535
3,2,0.430399331,1.572599133,-0.015580505,x110000,x1143321
3,2,0.480523382,2.399217259,0.422465995,x110100,x1141524
3,2,0.323896475,2.83039388,-0.396503447,x111100,x1343413
3,2,0.734834277,1.919567503,-0.309759915,x110100,x3131423
3,2,0.924424305,4.039370452,0.605113554,x111110,x1151535
3,2,0.2182619,-0.05547972,-1.260229394,x110100,x1331513
3,2,0.444101467,1.94039347,-0.060594469,x111100,x3131513
3,2,0.784801374,3.13645956,0.147723895,x111110,x3133515
3,2,0.55341886,2.233127539,-0.3630969,x100010,x3131413
3,2,0.160810348,0.997484503,-0.631255021,x110000,x2131115
3,2,0.528759267,2.378877141,0.101228553,x110010,x1131513
3,2,0.20383099,2.355792876,0.511696256,x111110,x1143315
3,2,0.338741568,3.477794741,0.296253004,x110100,x3153413
3,2,0.142800935,4.6143577,1.57595203,x111110,x1343535
3,2,0.201287638,2.131707801,-0.239539567,x110110,x1151115
3,2,0.396087132,2.481215164,-0.570680632,x111110,x1131514
3,2,0.402425248,1.038003003,-0.528937088,x110000,x1134133
3,2,0.297381146,2.09178152,0.225801085,x110110,x1132515
3,2,0.37015799,1.189823497,-0.37566341,x110100,x1133515
3,2,0.3706491,1.211235884,-0.793144307,x110100,x1131313
3,2,0.523002399,2.801097488,-0.264241717,x111110,x1131315
3,2,0.282405035,1.628375326,-0.184757984,x111100,x1133335
3,2,0.179189774,1.558633021,0.567027227,x110000,x1333535
3,2,0.16476487,2.469068665,0.613245753,x111110,x1131515
3,2,0.815035248,3.88681967,0.883628879,x110110,x1352335
3,2,0.815829984,1.928241323,-0.728152761,x110100,x2133115
3,2,0.32945053,1.901848657,0.064917882,x110100,x1351515
3,2,0.752305159,2.992569857,0.505950343,x110110,x1151333
3,2,0.344896396,3.098255073,0.840024227,x110110,x1144515
3,2,0.50443549,2.834628148,0.301803709,x110000,x1131515
3,2,0.703329238,4.20922871,0.77325324,x111110,x1151515
3,2,0.353928136,2.941224331,0.070845782,x111110,x1153515
3,2,0.398797065,0.730094836,-0.789370791,x110000,x3131315
3,2,0.162820933,1.523392378,0.409223163,x110010,x1151535
3,2,0.919481655,3.286371574,-0.438113472,x110110,x1111315
3,2,0.903659478,3.598012735,0.011786491,x100110,x1133513
3,2,0.467261713,2.732062801,0.049780645,x111110,x3143115
3,2,0.936588456,3.33244565,-0.022841101,x111110,x2153315
3,2,0.580597958,3.304811124,0.626508741,x110010,x1153535
3,2,0.748831743,3.296427917,1.400833268,x110110,x1153545
3,2,0.68569757,4.393354451,-0.113021985,x111110,x1131324
3,2,0.050628851,3.242600063,0.77766472,x110110,x1131315
3,2,0.538208663,2.266283873,-0.649276455,x110110,x1141515
3,2,0.762829503,3.225422945,0.327340158,x110110,x1151315
3,2,0.549604599,1.953303402,-0.963654449,x100100,x1131313
3,2,0.9189848,2.698863015,-0.198835646,x110010,x1133333
3,2,0.210140238,2.779169048,-0.79076158,x110010,x3131313
3,2,0.527038732,0.835286756,-1.295275156,x110100,x1133311
3,2,0.426022916,1.52446578,-0.644272629,x110100,x1131115
3,2,0.562359305,2.855550235,0.155258182,x110100,x1153534
3,2,0.79380231,3.15304298,-0.117566782,x110110,x1132515
3,2,0.124651822,0.931996498,-0.879212817,x100000,x3113545
3,2,0.896642351,2.763006518,-0.815939777,x111010,x1111413
3,2,0.450221818,1.350315645,-0.939244513,x110010,x2123313
3,2,0.641860332,2.944744416,-0.117855375,x111000,x1244315
3,2,0.174505147,2.555057997,0.494533323,x111110,x1131335
3,2,0.244029978,3.397991149,0.537249486,x110110,x1133515
3,2,0.651928162,2.254782381,0.059286342,x110100,x1335313
3,2,0.553740889,2.659651196,-0.571792319,x110110,x1131313
3,2,0.143008438,2.671018514,0.472985055,x110110,x1143515
3,2,0.681538913,2.176279012,0.018647568,x111010,x3131511
3,2,0.561388448,2.403099002,-0.321638231,x110000,x1143414
3,2,0.85370178,2.472837834,-1.112795962,x110010,x1131311
3,2,0.204404467,3.094910746,0.296813513,x110010,x1153514
3,2,0.291866434,1.66275329,-0.556534101,x110000,x1151533
3,2,0.787748871,2.84501633,-0.083425196,x110110,x1151514
3,2,0.705078727,1.614214066,-1.800015883,x110000,x1133115
3,2,0.114518069,1.281994717,-0.362497958,x110110,x3132113
3,2,0.300967881,1.105794621,-0.359416462,x110000,x3133515
3,2,0.655895304,3.344099914,0.436074099,x111110,x1553513
3,2,0.475721395,2.296909382,-0.024498933,x110100,x1151535
3,2,0.102211445,-0.995425414,-1.256302785,x100000,x3111313
3,2,0.854153379,3.437496464,0.014879195,x111110,x1133115
3,2,0.75443722,2.402021955,-0.966831612,x110000,x3141413
3,2,0.162306072,1.854966632,-0.359774166,x110000,x1131313
3,2,0.369978458,1.689335479,-0.372924887,x110100,x1131413
3,2,0.895533911,3.781723383,0.144232654,x111110,x1131515
3,2,0.070878543,0.380007545,-0.817834623,x010000,x1133513
3,2,0.083480161,2.028623274,-0.101801662,x111010,x1143533
3,2,0.215421641,1.544549033,0.163203132,x110110,x3133515
3,2,0.43316288,1.69072408,-0.380685118,x111000,x1311515
3,2,0.91473196,2.836986745,-1.031330294,x110100,x1111113
3,2,0.734270642,3.056369861,0.481126102,x111100,x1135515
3,2,0.747781665,3.515104273,-0.015163089,x110100,x1121415
3,2,0.284514937,0.832324768,-0.804474286,x100010,x2153314
3,2,0.41644933,1.512372509,-0.969404737,x111000,x4131315
3,2,0.428307064,2.586850182,0.144430024,x110110,x1133413
3,2,0.794466013,3.942022897,0.916272845,x011110,x1151515
3,2,0.553368973,1.947501413,-1.175768229,x111000,x1131533
3,2,0.447660344,2.589132489,0.414604445,x110110,x1351535
3,2,0.52271129,2.156378216,-0.875880414,x110010,x2133313
3,2,0.262151799,1.054788175,-1.108261401,x111000,x2131115
3,2,0.234539214,0.191624246,-1.399842219,x110010,x1111113
3,2,0.725204338,1.961361585,-0.247752865,x111100,x1141213
3,2,0.11404927,1.402838799,-0.546842245,x110100,x3111314
3,2,0.499324301,2.950155376,-0.10398963,x111010,x1151313
3,2,0.226528203,1.562594014,0.841999451,x010010,x1313415
3,2,0.430450961,2.595150045,0.181933906,x110010,x1251521
3,2,0.626776559,3.621613792,1.002062387,x111110,x1352435
3,2,0.203259806,2.698331122,0.147797853,x111010,x1343243
3,2,0.064779652,0.464433908,-0.033617191,x101000,x1131515
3,2,0.919968493,2.036507656,-1.256570312,x110110,x1131313
3,2,0.781437538,2.660023475,-0.13099398,x110110,x1131513
3,2,0.197870428,1.577852926,-0.724427682,x110010,x2151115
3,2,0.696543234,3.777782576,0.533456411,x111110,x1151515
3,2,0.162159844,1.462360819,-0.602035417,x110000,x3123315
3,2,0.157526369,0.108103682,-0.764116444,x110000,x1131113
3,2,0.192122743,1.470044251,-0.219472357,x110010,x3151315
3,2,0.593553635,4.061530324,1.008192624,x111110,x1143535
3,2,0.869717775,4.052002317,1.517098224,x110110,x1141555
3,2,0.695098099,3.955230238,0.738313854,x111100,x1151533
3,2,0.596511939,2.174570483,-0.392306419,x111000,x1133513
3,2,0.076569945,0.993914394,-0.487399389,x110000,x1141515
3,2,0.117931223,1.178116949,-0.091052156,x111000,x1133515
3,2,0.656575149,3.495743952,1.025472988,x110100,x1151535
3,2,0.552906824,2.356134789,0.321391415,x111110,x1155535
3,2,0.759109942,2.58217105,-0.226128589,x111110,x2331325
3,2,0.063618957,0.522602275,-0.653014678,x110000,x3131314
3,2,0.551021905,3.482982715,0.329332141,x110110,x2151515
3,2,0.097403621,0.26888736,-1.075691492,x110000,x3113313
3,2,0.811555089,2.854504254,-0.494321479,x111100,x1141315
3,2,0.489613448,2.628253558,-0.330994597,x110110,x1131423
3,2,0.459088664,1.48189876,-0.891062613,x110000,x1111115
3,2,0.063283254,3.070160487,0.086148645,x110010,x1153515
3,2,0.515699733,3.917829532,0.838538896,x110110,x1151535
3,2,0.405641477,1.8021422,-0.117272699,x110110,x1131554
3,2,0.157535275,-0.38938979,-0.724537206,x100000,x1131333
3,2,0.882678097,2.985981064,-0.196050699,x111100,x1131315
3,2,0.866946345,3.412516993,-0.009900466,x111010,x1135415
3,2,0.757721971,2.543890977,-0.08649445,x111110,x1151313
3,2,0.404514526,2.734500843,-0.32040188,x111110,x3131314
3,2,0.855000367,2.563708003,-0.568455301,x111000,x1151214
3,2,0.877053683,3.180504676,0.186270565,x110110,x1153333
3,2,0.660632766,3.723966504,0.714902091,x110110,x1151315
3,2,0.564187372,3.575501466,0.047086616,x111110,x1133334
3,2,0.262308611,0.756610005,-0.435726868,x110000,x3231513
3,2,0.2990605,2.087596405,0.557195193,x110010,x1135515
3,2,0.625464262,1.988605244,-0.701452619,x111010,x1131114
3,2,0.474831744,2.565250014,0.24653073,x110110,x1151515
3,2,0.570055588,2.009127026,-0.690280919,x111110,x1121313
3,2,0.362723385,2.047414503,-0.315959605,x110110,x1131215
3,2,0.597617645,2.53180928,-0.67634826,x110100,x3111515
3,2,0.88302283,3.227242439,-0.493915655,x110100,x1141315
3,2,0.240504092,2.391438843,-0.474183095,x110000,x3121315
3,2,0.257482542,2.720541399,0.642303185,x110110,x1134335
3,2,0.157157457,2.164188277,0.719023028,x110100,x1353415
3,2,0.116908737,1.260276933,-0.07677973,x110100,x1131214
3,2,0.675320111,3.164540249,0.240107108,x110100,x1112413
3,2,0.812720995,3.253268724,-0.564747868,x110000,x1133515
3,2,0.850114124,2.915541283,0.011440413,x111110,x3331534
3,2,0.457869494,4.206266748,0.543493063,x111100,x1131524
3,2,0.498310265,3.114975552,-0.076185469,x110010,x1133515
3,2,0.326200374,2.965874927,0.882618167,x111000,x1131515
3,2,0.382464615,2.102320871,-0.345542117,x110000,x2151113
3,2,0.34780181,1.548399781,0.374289893,x110000,x2121314
3,2,0.156304296,1.863668388,0.200195131,x110100,x1133333
3,2,0.50736469,1.554915791,-0.244930785,x110100,x2133515
3,2,0.854370903,3.76425545,1.129686329,x111010,x1153335
3,2,0.356779493,1.250717393,-0.488151543,x110000,x3131115
3,2,0.193342681,2.365074938,0.68873676,x111000,x1151524
3,2,0.607573166,1.865300138,-0.594241402,x111000,x3133113
3,2,0.267185321,2.486250889,1.032494232,x111100,x1152515
3,2,0.646690881,3.59240007,0.444701452,x111100,x2151535
3,2,0.146348471,1.98117294,0.399783692,x110000,x1131515
3,2,0.906840927,3.292918108,-0.287372348,x111110,x1131513
3,2,0.548593754,2.71787562,-0.152090131,x110110,x2131325
3,2,0.204516614,2.021764865,0.418477298,x110010,x2152513
3,2,0.282520764,1.601537654,-0.133480867,x110100,x1131515
3,2,0.482384018,1.691360583,-1.066729527,x111110,x1151513
3,2,0.718633079,2.996446402,0.070218112,x110110,x1151535
3,2,0.60789266,2.452083078,0.401247869,x110110,x1111535
3,2,0.230847733,1.770320475,-0.302848002,x110100,x2531514
3,2,0.88769494,3.28882024,0.360200168,x110110,x1231531
3,2,0.594133515,3.851351762,1.268995827,x111110,x1153535
3,2,0.217578941,3.143257908,0.673185031,x111100,x1351311
3,2,0.488647348,3.527790377,0.239571264,x111110,x1131515
3,2,0.476314962,1.79770385,-0.163424928,x110100,x1141315
3,2,0.773757558,3.441510954,0.749035872,x110110,x1151535
3,2,0.924849365,3.569960176,0.92670228,x111110,x1133335
3,2,0.375641042,2.091879756,-0.051261461,x110000,x1153135
3,2,0.56330695,2.074014441,-0.278768163,x110010,x1131115
3,2,0.154498586,2.65521731,0.29703683,x111110,x1133535
3,2,0.93008215,3.196492393,-0.0240971,x110110,x1133315
3,2,0.928369375,2.757488161,-0.298862143,x110110,x1133415
3,2,0.906678441,4.126892815,0.990051204,x110110,x1151515
3,2,0.646581195,3.550092264,-0.107787189,x111010,x1135215
3,2,0.779873276,1.860046491,-1.124133745,x110010,x1131313
3,2,0.90765668,3.302791572,0.214579365,x111010,x1133515
3,2,0.099695135,3.884356195,1.201951316,x111110,x1253335
3,2,0.225471375,0.351455863,-0.899851169,x110000,x3111414
3,2,0.530657791,2.563918324,-0.509704397,x110100,x1151313
3,2,0.394474565,1.985435622,-0.926647035,x110010,x1331313
3,2,0.500361166,2.867775713,0.301636276,x110110,x1111533
3,2,0.847830523,2.333849318,-0.479289022,x111110,x3153315
3,2,0.351805103,2.2453124,-0.411338567,x111100,x1151525
3,2,0.795372702,2.971773972,-0.209576409,x111000,x1154512
3,2,0.300562898,3.294675342,0.295786807,x111010,x1131525
3,2,0.747626068,3.42845973,-0.29865184,x110110,x1111513
3,2,0.784421147,3.491632954,-0.123845172,x110110,x3133515
3,2,0.75138476,3.600547308,0.249989751,x111110,x1133515
3,2,0.591469107,2.830599733,0.60996089,x111100,x1153515
3,2,0.60810396,3.016273529,-0.142689516,x111110,x1151513
3,2,0.93974272,3.378006515,-0.082539928,x111000,x1131533
3,2,0.862906381,3.09423087,-0.735561055,x110110,x1151535
3,2,0.25938844,1.790730577,0.481793568,x110000,x1531435
3,2,0.555012848,3.225479125,0.206046952,x110110,x1151415
3,2,0.747436024,3.321977121,0.27901555,x110010,x1131515
3,2,0.094728945,1.24611945,-0.338031266,x111000,x3131411
3,2,0.862697995,3.596094582,0.495777644,x111110,x1113535
3,2,0.06922834,2.015635487,-0.301274726,x110110,x3131513
3,2,0.841596505,3.860127804,1.364125692,x111110,x1151515
3,2,0.385013977,2.766643315,0.386466254,x111110,x1131235
3,2,0.08277532,1.451912036,0.5073136,x110000,x3151315
3,2,0.274890787,1.991201694,0.24695897,x110110,x3331415
3,2,0.62912848,2.134914765,-0.408998745,x110010,x1111511
3,3,0.12374701,3.155866487,1.277260755,x111110,x1152515
3,3,0.102345715,3.691852296,1.44224495,x111110,x1153515
3,3,0.266403516,4.050560125,2.787135246,x110110,x1145535
3,3,0.79694516,2.443364428,-0.506942422,x110010,x1123515
3,3,0.798264136,3.95504165,2.732214632,x110110,x1113535
3,3,0.755745246,3.480704552,1.554188929,x111110,x1151535
3,3,0.833300201,3.54504056,1.451889998,x111000,x1133535
3,3,0.385028586,2.610673051,-0.11827549,x110100,x1132424
3,3,0.083816807,4.311332871,2.26478476,x111110,x1154545
3,3,0.444480302,3.192581516,1.268075839,x110100,x1132533
3,3,0.269323016,2.983814519,0.288683039,x111110,x3133515
3,3,0.131546635,3.249781248,0.803859001,x111110,x1131553
3,3,0.069537532,3.455472534,1.982913055,x111110,x1351555
3,3,0.924070906,3.45159647,2.338438643,x110110,x1253535
3,3,0.622972679,3.589790072,1.382624669,x111110,x1141134
3,3,0.898112026,3.068210126,0.095125536,x111000,x2331515
3,3,0.840110902,3.204049322,1.248175531,x110110,x1131534
3,3,0.755162966,3.705186225,2.050390121,x111110,x1545525
3,3,0.812729502,3.706020037,1.591547595,x110100,x1343535
3,3,0.684644057,3.248699761,-0.176879085,x111110,x1151313
3,3,0.708947976,3.469150194,2.004236327,x111110,x1253535
3,3,0.374402563,3.433196296,1.229530172,x111100,x2153335
3,3,0.106131153,3.686546387,1.380445056,x111110,x1134533
3,3,0.264226366,3.371488514,1.648117911,x110110,x1153525
3,3,0.39750804,3.515914582,0.747879302,x110100,x1343515
3,3,0.418768127,3.201847311,0.298588876,x111110,x1141324
3,3,0.77753122,3.723239033,2.292271545,x110110,x1355535
3,3,0.808642719,2.602527862,-0.002333905,x100000,x1131414
3,3,0.192440135,3.51803039,1.246061552,x111110,x1133515
3,3,0.69029839,3.490245612,1.899151967,x110110,x1343335
3,3,0.768328917,3.622085422,2.522922273,x111010,x1334535
3,3,0.789522041,4.31549863,3.069923405,x111110,x1553545
3,3,0.769829698,3.629770648,1.691739752,x111110,x1353515
3,3,0.547944722,3.617835854,1.277866838,x111110,x1143535
3,3,0.313907727,3.579434048,0.877731384,x110110,x1153515
3,3,0.466924128,4.163263224,3.345698241,x111110,x1355545
3,3,0.798124372,2.775816566,1.779379528,x110100,x1355535
3,3,0.839481475,3.381263296,1.864448574,x110110,x1151525
3,3,0.498605161,2.918681057,-0.264500032,x110100,x1341514
3,3,0.8955089,2.703929385,-0.398323529,x111110,x1113315
3,3,0.900551573,3.265492975,0.921140893,x111100,x1343313
3,3,0.714500599,3.657993123,1.914200016,x111100,x1431535
3,3,0.579016764,2.881349682,0.868883653,x111010,x1111515
3,3,0.230367832,3.249929496,1.513963056,x111110,x1333525
3,3,0.709462002,3.617881204,1.531500955,x111110,x1351535
3,3,0.655279419,3.097265447,2.183966541,x111110,x1155525
3,3,0.835020548,3.849698172,1.408372096,x110010,x1153435
3,3,0.722389013,3.310524872,0.988752086,x111110,x1151515
3,3,0.392957691,3.449521269,0.285000011,x111110,x1111135
3,3,0.547464792,4.724512402,2.904867442,x111110,x1334515
3,3,0.15303049,2.856176328,0.550425468,x111010,x1151515
3,3,0.819456461,4.108399606,2.472091948,x011110,x1353515
3,3,0.598422049,3.96828437,2.791759366,x111110,x1333535
3,3,0.113170331,3.450205428,2.565204431,x111110,x1151515
3,3,0.087059194,3.405842548,1.467896953,x110110,x1333555
3,3,0.433167938,3.758062029,1.829480189,x111110,x1155515
3,3,0.118470478,3.421705904,1.989437389,x110110,x1151535
3,3,0.216958513,3.357045895,2.226385284,x110110,x1155535
3,3,0.556208119,3.851453651,2.460060344,x110110,x1355535
3,3,0.742577401,3.825870501,1.598460732,x111010,x1131515
3,3,0.92648349,3.29538303,1.054799508,x111110,x1313515
3,3,0.895415453,3.666637367,1.912905639,x111100,x1152515
3,3,0.923830975,2.899390917,-0.006264758,x111000,x1311433
3,3,0.138743065,2.874699695,0.516634,x111110,x1131535
3,3,0.58740398,3.704873216,3.019058024,x110110,x1353555
3,3,0.061429395,4.715284137,3.119377371,x111110,x1353555
3,3,0.650368237,4.150204718,3.356812069,x110010,x1454555
3,3,0.072723673,4.115314857,1.963310717,x111110,x1155535
3,3,0.882006334,4.006317585,1.914291904,x111110,x1151535
3,3,0.77692955,4.078160303,2.633471418,x111110,x1353535
3,3,0.166757909,3.607257468,2.336313029,x111110,x1152555
3,3,0.157182978,3.180519577,0.838317331,x110010,x1251535
3,3,0.56596575,2.654170542,-0.338638274,x111100,x3151535
3,3,0.665991202,2.930637868,0.022806876,x110110,x1141515
3,3,0.687618621,3.330130818,1.708769277,x111010,x1343435
3,3,0.707521911,4.094440195,2.819344948,x111110,x1355515
3,3,0.226754521,3.295021978,0.656905626,x110110,x1131533
3,3,0.664761062,2.827434086,0.687213384,x110110,x1332333
3,3,0.707971803,3.19418123,0.155468596,x111110,x1131523
3,3,0.517345025,4.075583689,2.815814571,x111110,x1153515
3,3,0.692154146,2.280821284,0.260158199,x111000,x1141531
3,3,0.139643448,4.205680725,2.193085335,x111010,x1153535
3,3,0.670927738,3.594258853,1.176717252,x111110,x1143525
3,3,0.604865997,3.634804914,1.842439115,x111110,x1353545
3,3,0.085875361,3.871915378,1.414304792,x111110,x1353535
3,3,0.511001368,2.746145777,-0.336850413,x110000,x1152323
3,3,0.318711024,3.944550082,1.608742322,x111110,x1253335
3,3,0.175074119,2.713632727,-1.125781587,x110010,x1141135
3,3,0.102415939,3.286707762,1.971983369,x111010,x1253535
3,3,0.650098493,3.298495006,1.39630431,x111100,x1123535
3,3,0.943536963,2.949245961,0.900226244,x111100,x1353535
3,3,0.209049363,3.194898179,0.138266168,x110110,x1341515
3,3,0.760769935,3.461360836,1.697464196,x111110,x1353525
3,3,0.539887478,4.092785362,3.610122681,x111110,x1153555
3,3,0.698275951,3.412021113,0.843430055,x111100,x1353555
3,3,0.780962346,2.855497427,0.790662651,x110100,x2143333
3,3,0.859632601,3.344435639,1.158411991,x111110,x3343545
3,3,0.484887399,3.489225857,1.042882888,x111110,x1153515
3,3,0.760073106,3.519033055,0.381174654,x111110,x1351515
3,3,0.829424788,4.016701968,2.352720351,x110110,x1353535
3,3,0.35459853,3.898283751,0.836980339,x111110,x3153515
3,3,0.603746938,3.511563007,1.695244605,x111110,x1151535
3,3,0.601213449,4.113210032,2.839334447,x111110,x2354535
3,3,0.150489519,4.130517384,2.480670455,x111110,x1351515
3,3,0.555677914,3.53710231,1.988715794,x110100,x1355535
3,3,0.389243027,3.030652859,1.038056399,x110110,x1153525
3,3,0.883455941,4.414950934,3.378395016,x111010,x1353535
3,3,0.253863517,3.761193693,2.834268909,x111110,x1154535
3,3,0.664635271,2.589726069,-0.025703943,x111010,x1134533
3,3,0.079244874,3.457653238,1.836088978,x110110,x1343515
3,3,0.862256556,3.066160581,1.37908371,x111100,x1133335
3,3,0.137916987,4.225777161,3.074161084,x111110,x1154555
3,3,0.288030637,3.84577237,0.900975023,x111010,x1135534
3,3,0.359006348,3.659109569,1.414310655,x110110,x1351555
3,3,0.240536872,4.075646545,2.256672787,x111110,x2353533
3,3,0.318741904,3.37870633,0.391037382,x111110,x1111235
3,3,0.061110966,3.519930998,2.202158897,x110110,x1153535
3,3,0.349634445,3.320982052,0.664670265,x111100,x1153315
3,3,0.86013404,3.742822311,0.960195523,x111110,x1311515
3,3,0.908191258,2.893549974,0.276773347,x111100,x1133515
3,3,0.087030765,3.202306886,0.114583053,x111010,x1112515
3,3,0.748956983,2.766630154,-0.042943548,x111100,x1141515
3,3,0.66698579,3.918532679,1.693011436,x111110,x1453535
3,3,0.364144504,3.363299725,1.986381269,x110110,x1153154
3,3,0.367450964,3.154254518,1.239339065,x111110,x1251535
3,3,0.723213363,2.714540825,-1.186025769,x110110,x2111412
3,3,0.434581494,3.045338807,1.54832138,x111100,x1313135
3,3,0.765062522,3.245765533,2.153651217,x111100,x1153355
3,3,0.078457593,2.999652896,-1.001718918,x110100,x1351521
3,3,0.203700775,3.438807232,1.699170633,x111110,x1131335
3,3,0.574250254,3.754551966,1.050899376,x111110,x1153515
3,3,0.106039745,3.987403366,2.009565913,x110110,x1155135
3,3,0.8649599,3.781569165,1.075494701,x111110,x1152345
3,3,0.535650138,3.995196207,2.28009494,x111010,x1343545
3,3,0.936229208,3.734094794,1.783901509,x111110,x1153535
3,3,0.211163616,3.49541168,1.695382783,x110110,x1333515
3,3,0.800023631,2.912038426,1.057606934,x111100,x1235535
3,3,0.759017706,3.42123882,1.352428158,x110110,x1355535
3,3,0.391072398,3.968412763,1.496082799,x111110,x1553535
3,3,0.451968829,3.468281631,1.140441237,x111110,x2133515
3,3,0.620260556,4.089637592,2.005690247,x111110,x1155535
3,3,0.885112076,3.967105655,2.103928673,x111100,x1333535
3,3,0.424019533,3.278805393,1.138806551,x111100,x1333445
3,3,0.447127548,3.6930985,1.428057217,x111110,x1141515
3,3,0.292135947,3.332552537,1.68699094,x111110,x1153535
3,3,0.541384406,3.754958317,2.831354836,x111010,x1534555
3,3,0.617238191,2.647808742,-0.210301876,x111100,x1153413
3,3,0.793810956,2.939294059,-0.723894627,x111100,x1131113
3,3,0.656256797,3.672207805,0.926037288,x111110,x1152515
3,3,0.203742126,3.591456045,1.698431368,x110110,x1333335
3,3,0.915001709,3.77719274,1.097622073,x110110,x1153345
3,3,0.506027246,3.650032122,1.331871229,x111100,x1353535
